product_name,picture,link,price,instock
Pokemon Evolving Skies - Rayquaza Z Alt Art,background-image:url('//cdn.shopify.com/s/files/1/0261/9795/0486/products/pokemon-evolving-skies-rayquaza-alt-art-single-382_1024x.jpg?v=1630436432');,/products/pre-order-pokemon-evolving-skies-rayquaza-z-alt-art,$299.99,
Pokemon Evolving Skies - Rayquaza V max Alt Art,background-image:url('//cdn.shopify.com/s/files/1/0261/9795/0486/products/pokemon-evolving-skies-rayquaza-max-alt-art-single-539_1024x.jpg?v=1630436437');,/products/pre-order-pokemon-evolving-skies-rayquaza-v-max-alt-art,$599.99,
(Pre Order) Pokemon Fusion Strike Booster Box {November 2021},background-image:url('//cdn.shopify.com/s/files/1/0261/9795/0486/products/pre-order-pokemon-fusion-strike-booster-box-november-2021-777_1024x.jpg?v=1629993392');,/products/pre-order-pokemon-fusion-strike-booster-box-november-2021,$169.95,
(Pre Order) Pokemon V Battle Deck Bundle - Rayquaza Vs Noivern {October 2021},background-image:url('//cdn.shopify.com/s/files/1/0261/9795/0486/products/pre-order-pokemon-battle-deck-bundle-rayquaza-noivern-october-2021-585_1024x.jpg?v=1629860465');,/products/pre-order-pokemon-v-battle-deck-bundle-rayquaza-vs-noivern-october-2021,$29.95,
(Pre Order) Pokemon Evolving Skies Build And Battle Box {August 30th},background-image:url('//cdn.shopify.com/s/files/1/0261/9795/0486/products/pre-order-pokemon-evolving-skies-build-battle-box-august-30th-594_1024x.jpg?v=1629859972');,/products/pre-order-pokemon-evolving-skies-build-and-battle-box-august-30th,$37.95,
Pokemon Chilling Reign Elite Trainer Box Bundle Of 2,background-image:url('//cdn.shopify.com/s/files/1/0261/9795/0486/products/pokemon-chilling-reign-elite-trainer-box-bundle-2-225_1024x.jpg?v=1629859909');,/products/app-exclusive-pokemon-chilling-reign-elite-trainer-box-bundle-of-2,$109.95,
Pokemon - Eevee Evolutions V Tin - Jolteon V,background-image:url('//cdn.shopify.com/s/files/1/0261/9795/0486/products/pokemon-eevee-evolutions-tin-jolteon-366_1024x.jpg?v=1631044024');,/products/pre-order-pokemon-eevee-evolutions-v-tin-jolteon-v,$34.95,
Pokemon - Eevee Evolutions V Tin - Flareon V,background-image:url('//cdn.shopify.com/s/files/1/0261/9795/0486/products/pokemon-eevee-evolutions-tin-flareon-166_1024x.jpg?v=1631043925');,/products/copy-of-pre-order-pokemon-eevee-evolutions-v-tin-flareon-v,$34.95,
Pokemon - Eevee Evolutions V Tin - Vaporeon V,background-image:url('//cdn.shopify.com/s/files/1/0261/9795/0486/products/pokemon-eevee-evolutions-tin-vaporeon-280_1024x.jpg?v=1631043910');,/products/pre-order-pokemon-eevee-evolutions-v-tin-vaporeon-v,$34.95,
(Pre Order) Pokemon TCG Chilling Reign Wave 2 (Delayed to October 2021),background-image:url('//cdn.shopify.com/s/files/1/0261/9795/0486/products/pre-order-pokemon-tcg-chilling-reign-wave-2-delayed-october-2021-429_1024x.jpg?v=1630459327');,/products/pre-order-pokemon-tcg-chilling-reign-wave-2-august-2021,$149.99,
Pokemon Battle Styles ETB Bundle,background-image:url('//cdn.shopify.com/s/files/1/0261/9795/0486/products/pokemon-battle-styles-etb-bundle-elite-trainer-box-239_1024x.jpg?v=1631014649');,/products/pokemon-battle-styles-etb-bundle-1,$79.99,
Pokemon Shadow Ryder Calyrex,background-image:url('//cdn.shopify.com/s/files/1/0261/9795/0486/products/pokemon-shadow-ryder-calyrex-collection-box-323_1024x.jpg?v=1629858594');,/products/pre-order-pokemon-shadow-ryder-calyrex-august-2021,$24.95,
Pokemon Ice Ryder Calyrex,background-image:url('//cdn.shopify.com/s/files/1/0261/9795/0486/products/pokemon-ice-ryder-calyrex-collection-box-194_1024x.jpg?v=1629858588');,/products/pre-order-pokemon-ice-ryder-calyrex-august-2021,$24.95,
Pokemon Trainers Toolkit 2,background-image:url('//cdn.shopify.com/s/files/1/0261/9795/0486/products/pokemon-trainers-toolkit-2-collection-box-729_1024x.jpg?v=1629858582');,/products/pre-order-pokemon-trainers-toolkit-2-august-2021,$37.95,
Pokemon Marnie Premium Tournament Collection,background-image:url('//cdn.shopify.com/s/files/1/0261/9795/0486/products/pokemon-marnie-premium-tournament-collection-theme-deck-752_1024x.jpg?v=1629858540');,/products/pre-order-pokemon-marnie-premium-tournament-collection,$109.99,
Pokemon Chilling Reign 24 Sleeved Boosters,background-image:url('//cdn.shopify.com/s/files/1/0261/9795/0486/products/pokemon-chilling-reign-24-sleeved-boosters-booster-pack-965_1024x.jpg?v=1629857968');,/products/pre-order-pokemon-chilling-reign-sleeved-blister-bundle-june-2021,$129.99,
Pokemon V Battle Deck Gardevoir V,background-image:url('//cdn.shopify.com/s/files/1/0261/9795/0486/products/pokemon-battle-deck-gardevoir-theme-420_1024x.jpg?v=1629857702');,/products/pokemon-v-battle-deck-gardevoir-v,$19.95,
Pokemon V Battle Deck Victini and Gardevoir,background-image:url('//cdn.shopify.com/s/files/1/0261/9795/0486/products/pokemon-battle-deck-victini-gardevoir-theme-300_1024x.jpg?v=1629857690');,/products/pre-order-pokemon-v-battle-deck-victini-and-gardevoir,$34.95,
Pokemon Inteleon V Max League Battle Deck,background-image:url('//cdn.shopify.com/s/files/1/0261/9795/0486/products/pokemon-inteleon-max-league-battle-deck-theme-465_1024x.jpg?v=1629857682');,/products/pokemon-inteleon-v-max-league-battle-deck,$29.95,
Pokemon First Partner Pack Unova,background-image:url('//cdn.shopify.com/s/files/1/0261/9795/0486/products/pokemon-partner-pack-unova-booster-533_1024x.jpg?v=1629857418');,/products/pre-order-pokemon-first-partner-pack-unova-june-2021,$11.95,
Pokemon Hidden Fates Pokeball Collection Bundle (2 Collection Boxes),background-image:url('//cdn.shopify.com/s/files/1/0261/9795/0486/products/pokemon-hidden-fates-pokeball-collection-bundle-2-boxes-box-517_1024x.jpg?v=1629857252');,/products/pokemon-hidden-fates-pokeball-collection-bundle-2-collection-boxes,$649.99,
Hidden Fates Ultra Ball Poke Ball Collection Zoroark,background-image:url('//cdn.shopify.com/s/files/1/0261/9795/0486/products/hidden-fates-ultra-ball-poke-collection-zoroark-box-291_1024x.jpg?v=1629857231');,/products/hidden-fates-ultra-ball-poke-ball-collection-zoroark,$399.95,
Hidden Fates Ultra Ball Poke Ball Collection Metagross,background-image:url('//cdn.shopify.com/s/files/1/0261/9795/0486/products/hidden-fates-ultra-ball-poke-collection-metagross-box-304_1024x.jpg?v=1629857222');,/products/hidden-fates-ultra-ball-poke-ball-collection-metagross,$399.95,
Battle Styles Elite Trainer Box Case (10 ETBS),background-image:url('//cdn.shopify.com/s/files/1/0261/9795/0486/products/battle-styles-elite-trainer-box-case-10-etbs-405_1024x.jpg?v=1629857208');,/products/battle-styles-elite-trainer-box-case-10-etbs,$499.99,
Pokemon TCG - Vivid Voltage 3 Pack Blister Bundle,background-image:url('//cdn.shopify.com/s/files/1/0261/9795/0486/products/pokemon-tcg-vivid-voltage-3-pack-blister-bundle-297_1024x.jpg?v=1629857176');,/products/pokemon-tcg-vivid-voltage-3-pack-blister-bundle,$49.99,
Pokemon - V Strikers Tin Bundle,background-image:url('//cdn.shopify.com/s/files/1/0261/9795/0486/products/pokemon-strikers-tin-bundle-651_1024x.jpg?v=1629856727');,/products/pre-order-pokemon-v-strikers-tin-bundle-june-2021,$57.95,
Pokemon TCG Mega Beedrill Ex Box,background-image:url('//cdn.shopify.com/s/files/1/0261/9795/0486/products/pokemon-tcg-mega-beedrill-box-collection-558_1024x.jpg?v=1629856721');,/products/pokemon-tcg-mega-beedrill-ex-box,$79.99,
Pokemon TCG Alolan Marowak Collection Box,background-image:url('//cdn.shopify.com/s/files/1/0261/9795/0486/products/pokemon-tcg-alolan-marowak-collection-box-799_1024x.jpg?v=1629856670');,/products/pokemon-tcg-alolan-marowak-collection-box,$79.99,
Pokemon TCG Team Up Booster Box,background-image:url('//cdn.shopify.com/s/files/1/0261/9795/0486/products/pokemon-tcg-team-booster-box-877_1024x.jpg?v=1629856664');,/products/pokemon-tcg-team-up-booster-box,$999.95,
Shining Fates Mini Tin Set Of 5,background-image:url('//cdn.shopify.com/s/files/1/0261/9795/0486/products/shining-fates-mini-tin-set-5-143_1024x.jpg?v=1629856659');,/products/shining-fates-mini-tin-set-of-5,$94.95,
Pokemon TCG Galarian Rapidash,background-image:url('//cdn.shopify.com/s/files/1/0261/9795/0486/products/pokemon-tcg-galarian-rapidash-collection-box-185_1024x.jpg?v=1629856626');,/products/pre-order-pokemon-tcg-galarian-rapidash-may-7-2021,$24.95,
Pokemon Chilling Reign Elite trainer box Shadow Rider Calyrex,background-image:url('//cdn.shopify.com/s/files/1/0261/9795/0486/products/pokemon-chilling-reign-elite-trainer-box-shadow-rider-calyrex-544_1024x.jpg?v=1629856620');,/products/pre-order-pokemon-chilling-reign-elite-trainer-box-variant-2-june-2021,$54.95,
Pokemon Chilling Reign Elite trainer box Ice Ryder Calyrex,background-image:url('//cdn.shopify.com/s/files/1/0261/9795/0486/products/pokemon-chilling-reign-elite-trainer-box-ice-ryder-calyrex-954_1024x.jpg?v=1629856614');,/products/pre-order-pokemon-chilling-reign-elite-trainer-box-variant-1-june-2021,$54.95,
Pokemon Sword And Shield 5 battle styles- Booster Box,background-image:url('//cdn.shopify.com/s/files/1/0261/9795/0486/products/pokemon-sword-shield-5-battle-styles-booster-box-443_1024x.jpg?v=1629856549');,/products/wave-2-pre-order-pokemon-sword-and-shield-5-battle-styles-booster-box-end-of-april,$139.99,
Pokemon Battle Styles Elite Trainer Box Rapid Strike,background-image:url('//cdn.shopify.com/s/files/1/0261/9795/0486/products/pokemon-battle-styles-elite-trainer-box-rapid-strike-120_1024x.jpg?v=1629856544');,/products/wave-2-pre-order-pokemon-battle-styles-elite-trainer-box-rapid-strike,$44.95,
Pokemon  Battle Styles Elite Trainer Box  Single Strike,background-image:url('//cdn.shopify.com/s/files/1/0261/9795/0486/products/pokemon-battle-styles-elite-trainer-box-single-strike-200_1024x.jpg?v=1629856539');,/products/pre-order-wave-2-pokemon-battle-styles-elite-trainer-box-single-strike-end-of-april,$44.95,
Pokemon - Shining Fates - Mini Tin - Manaphy,background-image:url('//cdn.shopify.com/s/files/1/0261/9795/0486/products/pokemon-shining-fates-mini-tin-manaphy-262_1024x.jpg?v=1629856144');,/products/pokemon-shining-fates-mini-tin-manaphy,$19.95,
Pokemon - Shining Fates - Mini Tin - Zarude,background-image:url('//cdn.shopify.com/s/files/1/0261/9795/0486/products/pokemon-shining-fates-mini-tin-zarude-951_1024x.jpg?v=1629856137');,/products/pokemon-shining-fates-mini-tin-zarude,$19.95,
Pokemon - Shining Fates - Mini Tin - Reshiram,background-image:url('//cdn.shopify.com/s/files/1/0261/9795/0486/products/pokemon-shining-fates-mini-tin-reshiram-134_1024x.jpg?v=1629856131');,/products/pokemon-shining-fates-mini-tin-reshiram,$19.95,
Pokemon - Shining Fates - Mini Tin - Kyogre,background-image:url('//cdn.shopify.com/s/files/1/0261/9795/0486/products/pokemon-shining-fates-mini-tin-kyogre-427_1024x.jpg?v=1629856126');,/products/pokemon-shining-fates-mini-tin-kyogre,$19.95,
Pokemon - Shining Fates - Mini Tin - Celebi,background-image:url('//cdn.shopify.com/s/files/1/0261/9795/0486/products/pokemon-shining-fates-mini-tin-celebi-355_1024x.jpg?v=1629856120');,/products/pokemon-shining-fates-mini-tin-celebi,$19.95,
Pokemon TCG Shining Fates 36 Pack bundle,background-image:url('//cdn.shopify.com/s/files/1/0261/9795/0486/products/pokemon-tcg-shining-fates-36-pack-bundle-booster-270_1024x.jpg?v=1629856052');,/products/pokemon-tcg-shining-fates-36-pack-bundle,$399.95,
Pokemon TCG - Shining Fates Mad Party Display Box,background-image:url('//cdn.shopify.com/s/files/1/0261/9795/0486/products/pokemon-tcg-shining-fates-mad-party-display-box-collection-847_1024x.jpg?v=1629855742');,/products/pokemon-tcg-shining-fates-mad-part-display-box,$229.99,
Pokemon 25th First Partner Anniversary Binder,background-image:url('//cdn.shopify.com/s/files/1/0261/9795/0486/products/pokemon-25th-partner-anniversary-binder-574_1024x.jpg?v=1629855736');,/products/one-per-customer-pokemon-25th-anniversary-binder,$9.95,
GYM Trainer 068/ 072,background-image:url('//cdn.shopify.com/s/files/1/0261/9795/0486/products/gym-trainer-068-072-single-197_1024x.jpg?v=1629855604');,/products/gym-trainer-068-072,$39.99,
Pokemon - Shining Fates - Mad Party Pin Collection - Dedenne,background-image:url('//cdn.shopify.com/s/files/1/0261/9795/0486/products/pokemon-shining-fates-mad-party-pin-collection-dedenne-box-820_1024x.jpg?v=1629855486');,/products/pokemon-shining-fates-mad-party-pin-collection-dedenne-pre-order,$29.95,
Pokémon TCG: Dawn Wings Necrozma Box,background-image:url('//cdn.shopify.com/s/files/1/0261/9795/0486/products/pokemon-tcg-dawn-wings-necrozma-box-collection-862_1024x.jpg?v=1629855467');,/products/pokemon-tcg-dawn-wings-necrozma-box,$34.50,
Pokémon TCG: Dusk Mane Necrozma Box,background-image:url('//cdn.shopify.com/s/files/1/0261/9795/0486/products/pokemon-tcg-dusk-mane-necrozma-box-collection-926_1024x.jpg?v=1629855461');,/products/pokemon-tcg-dusk-mane-necrozma-box,$34.50,
Pokemon TCG - Legends Of Johto GX Collection GX,background-image:url('//cdn.shopify.com/s/files/1/0261/9795/0486/products/pokemon-tcg-legends-johto-gx-collection-box-902_1024x.jpg?v=1629855443');,/products/pokemon-tcg-legends-of-johto-gx-collection-gx,$89.99,
Pokemon - Shining Fates - Mad Party Pin Collection - Bunnelby,background-image:url('//cdn.shopify.com/s/files/1/0261/9795/0486/products/pokemon-shining-fates-mad-party-pin-collection-bunnelby-box-465_1024x.jpg?v=1629855437');,/products/pokemon-shining-fates-mad-party-pin-collection-bunnelby-pre-order,$29.95,
Pokemon - Shining Fates - Mad Party Pin Collection - Galarian Mr. Rime,background-image:url('//cdn.shopify.com/s/files/1/0261/9795/0486/products/pokemon-shining-fates-mad-party-pin-collection-galarian-mr-rime-box-116_1024x.jpg?v=1629855425');,/products/pokemon-shining-fates-mad-party-pin-collection-galarian-mr-rime-pre-order,$29.95,
Pokemon - Shining Fates - Tins - Cramorant  V,background-image:url('//cdn.shopify.com/s/files/1/0261/9795/0486/products/pokemon-shining-fates-tins-cramorant-tin-787_1024x.jpg?v=1629855174');,/products/pokemon-shining-fates-tins-cramorant-v-pre-order,$59.99,
Pokemon - Shining Fates - Tins - Eldegoss V,background-image:url('//cdn.shopify.com/s/files/1/0261/9795/0486/products/pokemon-shining-fates-tins-eldegoss-tin-309_1024x.jpg?v=1629855168');,/products/pokemon-shining-fates-tins-eldegoss-v-pre-order,$59.99,
Pokemon TCG: Marshadow Figure Collection,background-image:url('//cdn.shopify.com/s/files/1/0261/9795/0486/products/pokemon-tcg-marshadow-figure-collection-box-457_1024x.jpg?v=1629855123');,/products/pokemon-tcg-marshadow-figure-collection,$54.95,
Pokemon TCG Meowth V Max Box International Version (4 Packs),background-image:url('//cdn.shopify.com/s/files/1/0261/9795/0486/products/pokemon-tcg-meowth-max-box-international-version-4-packs-collection-482_1024x.jpg?v=1629855008');,/products/pokemon-tcg-meowth-v-max-box-international-version-4-packs,$59.99,
Pokemon TCG - Black And White Zekrom Legendary Box,background-image:url('//cdn.shopify.com/s/files/1/0261/9795/0486/products/pokemon-tcg-black-white-zekrom-legendary-box-collection-635_1024x.jpg?v=1629854946');,/products/pokemon-tcg-black-and-white-zekrom-legendary-box,$399.99,
Pokemon TCG - Rebel Clash Sleeved Booster (24 pack),background-image:url('//cdn.shopify.com/s/files/1/0261/9795/0486/products/pokemon-tcg-rebel-clash-sleeved-booster-24-pack-901_1024x.jpg?v=1629854877');,/products/pokemon-tcg-rebel-clash-sleeved-booster-24-pack,$119.99,
Team Skull Pin Collection Box,background-image:url('//cdn.shopify.com/s/files/1/0261/9795/0486/products/team-skull-pin-collection-box-743_1024x.jpg?v=1629854780');,/products/team-skull-pin-collection-box,$64.95,
Pokemon TCG Crimson Invasion Pre Release Kit,background-image:url('//cdn.shopify.com/s/files/1/0261/9795/0486/products/pokemon-tcg-crimson-invasion-pre-release-kit-build-battle-834_1024x.jpg?v=1629854733');,/products/pokemon-tcg-crimson-invasion-pre-release-kit,$49.99,
Beckett Shield Semi-Rigid Storage Sleeves Thick (50ct),background-image:url('//cdn.shopify.com/s/files/1/0261/9795/0486/products/beckett-shield-semi-rigid-storage-sleeves-50ct-841_1024x.jpg?v=1629854711');,/products/beckett-shield-semi-rigid-storage-sleeves-thick-50ct,$7.99,
Pokemon TCG: Forces Of Nature GX Premium Collection,background-image:url('//cdn.shopify.com/s/files/1/0261/9795/0486/products/pokemon-tcg-forces-nature-gx-premium-collection-box-455_1024x.jpg?v=1629854683');,/products/pokemon-tcg-forces-of-nature-gx-premium-collection,$89.99,
Pokemon Mega Latios Collection Box,background-image:url('//cdn.shopify.com/s/files/1/0261/9795/0486/products/pokemon-mega-latios-collection-box-201_1024x.jpg?v=1629854670');,/products/pokemon-mega-latios-collection-box,$104.95,
Pokemon TCG Rapid Strike Urshifu V Box,background-image:url('//cdn.shopify.com/s/files/1/0261/9795/0486/products/pokemon-tcg-rapid-strike-urshifu-box-collection-396_1024x.jpg?v=1629854661');,/products/pre-order-pokemon-tcg-double-strike-urshifu-v-box-march-2020,$19.95,
Pokemon TCG Single Strike Urshifu V Box,background-image:url('//cdn.shopify.com/s/files/1/0261/9795/0486/products/pokemon-tcg-single-strike-urshifu-box-collection-432_1024x.jpg?v=1629854657');,/products/pre-order-pokemon-tcg-single-strike-urshifu-v-box-march-2020,$24.95,
Pokemon Spring 2021 Collectors Chest,background-image:url('//cdn.shopify.com/s/files/1/0261/9795/0486/products/pokemon-spring-2021-collectors-chest-tin-331_1024x.jpg?v=1629854653');,/products/pre-order-pokemon-spring-2021-collectors-chest-march-2021,$29.95,
Pokemon Venusaur V Max Battle Box,background-image:url('//cdn.shopify.com/s/files/1/0261/9795/0486/products/pokemon-venusaur-max-battle-box-collection-954_1024x.jpg?v=1629854646');,/products/pre-order-pokemon-venusaur-v-max-battle-box-march-2021,$34.95,
Pokemon Mimikyu Pin Box,background-image:url('//cdn.shopify.com/s/files/1/0261/9795/0486/products/pokemon-mimikyu-pin-box-collection-151_1024x.jpg?v=1629854637');,/products/pokemon-mimikyu-pin-box,$19.99,
Pokemon Forbidden Light Booster Box,background-image:url('//cdn.shopify.com/s/files/1/0261/9795/0486/products/pokemon-forbidden-light-booster-box-179_1024x.jpg?v=1629854536');,/products/pokemon-forbidden-light-booster-box,$499.99,
Pokemon TCG Pale Moon Trevenant & Dusknoir GX Box,background-image:url('//cdn.shopify.com/s/files/1/0261/9795/0486/products/pokemon-tcg-pale-moon-trevenant-dusknoir-gx-box-collection-861_1024x.jpg?v=1629854532');,/products/pokemon-tcg-pale-moon-trevenant-dusknoir-gx-box,$69.95,
Pokemon Shining Fates Premium Collection Dragapult V,background-image:url('//cdn.shopify.com/s/files/1/0261/9795/0486/products/pokemon-shining-fates-premium-collection-dragapult-box-212_1024x.jpg?v=1629854503');,/products/pre-order-pokemon-shining-fates-premium-collection-dragapult-v-february-2021,$69.99,
Pokemon Shining Fates Elite Trainer Box,background-image:url('//cdn.shopify.com/s/files/1/0261/9795/0486/products/pokemon-shining-fates-elite-trainer-box-923_1024x.jpg?v=1629854489');,/products/pre-order-pokemon-shining-fates-elite-trainer-box-february-2021,$94.95,
Pokemon SWSH 5 Battle Styles Build And Battle Box,background-image:url('//cdn.shopify.com/s/files/1/0261/9795/0486/products/pokemon-swsh-5-battle-styles-build-box-986_1024x.jpg?v=1629854350');,/products/pre-order-pokemon-swsh-5-battle-styles-build-and-battle-box-march-2021,$24.95,
Pokemon SWSH 5 Battle Styles Checklane Blister - Arrokuda,background-image:url('//cdn.shopify.com/s/files/1/0261/9795/0486/products/pokemon-swsh-5-battle-styles-checklane-blister-arrokuda-pack-115_1024x.jpg?v=1629854345');,/products/pre-order-pokemon-swsh-5-battle-styles-checklane-blister-arrokuda-march-2021,$6.99,
Pokemon SWSH 5 Battle Styles Checklane Blister - Charmander,background-image:url('//cdn.shopify.com/s/files/1/0261/9795/0486/products/pokemon-swsh-5-battle-styles-checklane-blister-charmander-pack-426_1024x.jpg?v=1629854341');,/products/pre-order-pokemon-swsh-5-battle-styles-checklane-blister-charmander-march-2021,$16.95,
Pokemon Galar Partners Tins - Rillaboom V,background-image:url('//cdn.shopify.com/s/files/1/0261/9795/0486/products/pokemon-galar-partners-tins-rillaboom-tin-589_1024x.jpg?v=1629854243');,/products/pokemon-galar-partners-tins-rillaboom-v,$57.95,
Pokemon Galar Partners Tins - Cinderace V,background-image:url('//cdn.shopify.com/s/files/1/0261/9795/0486/products/pokemon-galar-partners-tins-cinderace-tin-553_1024x.jpg?v=1629854239');,/products/pokemon-galar-partners-tins-cinderace-v,$57.95,
Pokemon Galar Partners Tins - Inteleon V,background-image:url('//cdn.shopify.com/s/files/1/0261/9795/0486/products/pokemon-galar-partners-tins-inteleon-tin-687_1024x.jpg?v=1629854235');,/products/pokemon-galar-partners-tins-inteleon-v,$57.95,
Pokemon Unified Minds Elite Trainer Box,background-image:url('//cdn.shopify.com/s/files/1/0261/9795/0486/products/pokemon-unified-minds-elite-trainer-box-782_1024x.jpg?v=1629854190');,/products/pokemon-unified-minds-elite-trainer-box,$249.95,
Pokémon Burning Shadows Build And Battle,background-image:url('//cdn.shopify.com/s/files/1/0261/9795/0486/products/pokemon-burning-shadows-build-battle-155_1024x.jpg?v=1629854140');,/products/pokemon-burning-shadows-build-and-battle,$79.99,
Pokemon Charmander Sidekick Box,background-image:url('//cdn.shopify.com/s/files/1/0261/9795/0486/products/pokemon-charmander-sidekick-box-collection-914_1024x.jpg?v=1629854104');,/products/pokemon-charmander-sidekick-box,$59.99,
Pokemon Champions Pin Collection 2 Ballonlea,background-image:url('//cdn.shopify.com/s/files/1/0261/9795/0486/products/pokemon-champions-pin-collection-2-ballonlea-box-188_1024x.jpg?v=1629854097');,/products/pokemon-champions-pin-collection-2-spikemuth-pre-order-november-13th-2021,$39.95,
Pokémon Champions Pin Collection 2 Spikemuth,background-image:url('//cdn.shopify.com/s/files/1/0261/9795/0486/products/pokemon-champions-pin-collection-2-spikemuth-box-531_1024x.jpg?v=1629854093');,/products/pokemon-champions-pin-collection-2-spikemuth-pre-order-november-13th-2020,$39.95,
Pokémon Champions Pin Collection 2 Hammerlocke,background-image:url('//cdn.shopify.com/s/files/1/0261/9795/0486/products/pokemon-champions-pin-collection-2-hammerlocke-box-483_1024x.jpg?v=1629854089');,/products/pokemon-champions-pin-collection-2-pre-order-november-13th-2020,$39.95,
Pokemon Collectors Chest Spring Tin 2020,background-image:url('//cdn.shopify.com/s/files/1/0261/9795/0486/products/pokemon-collectors-chest-spring-tin-2020-299_1024x.jpg?v=1629854052');,/products/pokemon-collectors-chest-spring-tin-2020,$59.95,
Pokemon Unbroken Bonds Sleeved Blister (24 Packs),background-image:url('//cdn.shopify.com/s/files/1/0261/9795/0486/products/pokemon-unbroken-bonds-sleeved-blister-24-packs-booster-pack-865_1024x.jpg?v=1629854004');,/products/pokemon-unbroken-bonds-sleeved-blister-24-packs,$299.99,
Hidden Fates Elite Trainer Box,background-image:url('//cdn.shopify.com/s/files/1/0261/9795/0486/products/hidden-fates-elite-trainer-box-380_1024x.jpg?v=1629853888');,/products/hidden-fates-elite-trainer-box,$229.95,
Cosmic Eclipse Sleeved Booster Pack (bundle of 24),background-image:url('//cdn.shopify.com/s/files/1/0261/9795/0486/products/cosmic-eclipse-sleeved-booster-pack-bundle-24-927_1024x.jpg?v=1629853772');,/products/cosmic-eclipse-sleeved-booster-pack-bundle-of-24,$399.95,
Pokémon Tag Team Tin Zekrom / Pikachu,background-image:url('//cdn.shopify.com/s/files/1/0261/9795/0486/products/pokemon-tag-team-tin-zekrom-pikachu-975_1024x.jpg?v=1629853705');,/products/pokemon-tag-team-tin-zekrom-pikachu,$49.95,
Pokémon Tag Team Tin Venasaur/ Celebi,background-image:url('//cdn.shopify.com/s/files/1/0261/9795/0486/products/pokemon-tag-team-tin-venasaur-celebi-165_1024x.jpg?v=1629853701');,/products/pokemon-tag-team-tin-venasaur-celebi,$44.95,
Pokémon Tag Team Tin Snorlax/ Eevee,background-image:url('//cdn.shopify.com/s/files/1/0261/9795/0486/products/pokemon-tag-team-tin-snorlax-eevee-693_1024x.jpg?v=1629853697');,/products/pokemon-tag-team-tin-snorlax-eevee,$44.95,
Pokemon Sun & Moon Burning Shadows 3-pack Booster,background-image:url('//cdn.shopify.com/s/files/1/0261/9795/0486/products/pokemon-sun-moon-burning-shadows-3-pack-booster-blister-522_1024x.jpg?v=1629853575');,/products/pokemon-sun-moon-burning-shadows-3-pack-booster,$89.99,
Pokemon Tcg: Sword & Shield Elite Trainer Box - Zamazenta,background-image:url('//cdn.shopify.com/s/files/1/0261/9795/0486/products/pokemon-tcg-sword-shield-elite-trainer-box-zamazenta-730_1024x.jpg?v=1629853504');,/products/pokemon-tcg-sword-shield-elite-trainer-box-zamazenta,$149.95,
Burning Shadows Elite Trainer Box,background-image:url('//cdn.shopify.com/s/files/1/0261/9795/0486/products/burning-shadows-elite-trainer-box-190_1024x.jpg?v=1629853433');,/products/burning-shadows-elite-trainer-box,$139.95,
Pokemon - Sword & Shield - Build & Battle Box,background-image:url('//cdn.shopify.com/s/files/1/0261/9795/0486/products/pokemon-sword-shield-build-battle-box-465_1024x.jpg?v=1629853248');,/products/pokemon-sword-shield-build-battle-box,$34.95,
Pokemon - Unified Minds Build & Battle Kit,background-image:url('//cdn.shopify.com/s/files/1/0261/9795/0486/products/pokemon-unified-minds-build-battle-kit-950_1024x.jpg?v=1629853234');,/products/pokemon-unified-minds-build-battle-kit,$47.95,
Pokémon Tcg: Sword & Shield Elite Trainer Box Plus—zacian,background-image:url('//cdn.shopify.com/s/files/1/0261/9795/0486/products/pokemon-tcg-sword-shield-elite-trainer-box-plus-zacian-461_1024x.jpg?v=1629853150');,/products/pokemon-tcg-sword-shield-elite-trainer-box-plus-zacian,$89.95,
Pokemon Xy9 Breakpoint Blister,background-image:url('//cdn.shopify.com/s/files/1/0261/9795/0486/products/pokemon-xy9-breakpoint-blister-booster-pack-768_1024x.jpg?v=1629852828');,/products/pokemon-xy9-breakpoint-blister,$13.99,
Pokemon Eternatus Vmax Premium Collection Box,background-image:url('//cdn.shopify.com/s/files/1/0261/9795/0486/products/pokemon-eternatus-vmax-premium-collection-box-946_1024x.jpg?v=1629852804');,/products/pokemon-eternatus-vmax-premium-collection-box-pre-order,$79.95,
Pokémon Tcg: Sword & Shield Elite Trainer Box Plus—zamazenta,background-image:url('//cdn.shopify.com/s/files/1/0261/9795/0486/products/pokemon-tcg-sword-shield-elite-trainer-box-plus-zamazenta-158_1024x.jpg?v=1629852398');,/products/november-pre-order-pokemon-elite-trainer,$89.95,
Pokémon Vivid Voltage Booster Box,background-image:url('//cdn.shopify.com/s/files/1/0261/9795/0486/products/pokemon-vivid-voltage-booster-box-463_1024x.jpg?v=1629852394');,/products/november-pre-order-pokemon-vivid-voltage-booster-box,$199.95,
Pokemon - Unified Minds 3 Pack Blister - Vikavolt,background-image:url('//cdn.shopify.com/s/files/1/0261/9795/0486/products/pokemon-unified-minds-3-pack-blister-vikavolt-435_1024x.jpg?v=1629852184');,/products/pokemon-unified-minds-3-pack-blister-vikavolt,$34.99,
Pokemon - Unified Minds 3 Pack Blister - Stakataka,background-image:url('//cdn.shopify.com/s/files/1/0261/9795/0486/products/pokemon-unified-minds-3-pack-blister-stakataka-528_1024x.jpg?v=1629852180');,/products/pokemon-unified-minds-3-pack-blister-stakataka,$34.95,
Pokemon - Sword & Shield - Champions Path - Hatterene V Box,background-image:url('//cdn.shopify.com/s/files/1/0261/9795/0486/products/pokemon-sword-shield-champions-path-hatterene-box-collection-609_1024x.jpg?v=1629852113');,/products/pokemon-sword-shield-champions-path-hatterene-v-box-releases-september-25th,$34.95,
Pokemon - Sword & Shield - Champions Path - Dubwool V Box,background-image:url('//cdn.shopify.com/s/files/1/0261/9795/0486/products/pokemon-sword-shield-champions-path-dubwool-box-collection-895_1024x.jpg?v=1629852109');,/products/pokemon-sword-shield-champions-path-dubwool-v-box,$34.95,
Pokemon - Sword & Shield - Champions Path - Turfield Gym Pin Collection,background-image:url('//cdn.shopify.com/s/files/1/0261/9795/0486/products/pokemon-sword-shield-champions-path-turfield-gym-pin-collection-box-750_1024x.jpg?v=1629852104');,/products/pokemon-sword-shield-champions-path-turfield-gym-pin-collection,$41.95,
Pokemon - Sword & Shield - Champions Path - Hulbury Gym Pin Collection,background-image:url('//cdn.shopify.com/s/files/1/0261/9795/0486/products/pokemon-sword-shield-champions-path-hulbury-gym-pin-collection-box-368_1024x.jpg?v=1629852098');,/products/pokemon-sword-shield-champions-path-hulbury-gym-pin-collection-released-september-25th,$41.95,
Pokemon - Sword & Shield - Champions Path - Motostoke Gym Pin Collection,background-image:url('//cdn.shopify.com/s/files/1/0261/9795/0486/products/pokemon-sword-shield-champions-path-motostoke-gym-pin-collection-box-241_1024x.jpg?v=1629852094');,/products/pokemon-sword-shield-champions-path-motostoke-gym-pin-collection-releases-september-25th,$41.95,
Champions Path Elite Trainer Box,background-image:url('//cdn.shopify.com/s/files/1/0261/9795/0486/products/champions-path-elite-trainer-box-532_1024x.jpg?v=1629852090');,/products/pokemon-champions-path-elite-trainer-box-releases-september,$129.99,
Ultra Prism 3 Pack Blister,background-image:url('//cdn.shopify.com/s/files/1/0261/9795/0486/products/ultra-prism-3-pack-blister-305_1024x.jpg?v=1629852078');,/products/ultra-prism-3-pack-blister,$39.99,
"Pokemon Card Game Sun & Moon Expansion Pack ""tag Battle"" 30pack Box",background-image:url('//cdn.shopify.com/s/files/1/0261/9795/0486/products/pokemon-card-game-sun-moon-expansion-pack-tag-battle-30pack-box_1024x.jpg?v=1612587413');,/products/pokemon-card-game-sun-moon-expansion-pack-tag-battle-30pack-box,$249.95,
Team up Checklane Blister Mimikyu Promo and Pikachu Promo,background-image:url('//cdn.shopify.com/s/files/1/0261/9795/0486/products/team-checklane-blister-mimikyu-promo-pikachu-pack-136_1024x.jpg?v=1629851533');,/products/team-up-checklane-blister-mimikyu-promo-and-pikachu-promo,$39.95,
Team up Checklane Blister W/ Mimikyu Promo,background-image:url('//cdn.shopify.com/s/files/1/0261/9795/0486/products/team-checklane-blister-w-mimikyu-promo-pack-520_1024x.jpg?v=1629851489');,/products/sun-moon-team-up-checklane-blister-w-mimikyu-promo,$22.95,
Hidden Fates Ultra Premium Collection,background-image:url('//cdn.shopify.com/s/files/1/0261/9795/0486/products/hidden-fates-ultra-premium-collection-box-288_1024x.jpg?v=1629851480');,/products/pre-order-hidden-fates-ultra-premium,$969.95,
Sun and Moon Elite Trainer Box - Lunala,background-image:url('//cdn.shopify.com/s/files/1/0261/9795/0486/products/sun-moon-elite-trainer-box-lunala-353_1024x.jpg?v=1629851397');,/products/sun-and-moon-elite-trainer-box-lunala,$59.99,
